{"cameraMode":{"drawMode":0,"name":"Shaded","section":"Shading Mode"},"sceneLighting":false,"audioPlay":false,"sceneViewState":{"m_AlwaysRefresh":false,"showFog":true,"showSkybox":true,"showFlares":true,"showImageEffects":true,"showParticleSystems":true,"showVisualEffectGraphs":true,"m_FxEnabled":true},"in2DMode":false,"pivot":{"x":0.7083568572998047,"y":1.5899829864501954,"z":0.8283525705337524},"rotation":{"x":-0.15272454917430879,"y":0.7114009857177734,"z":-0.16305400431156159,"w":-0.6663337349891663},"size":7.344192981719971,"orthographic":false}